{"actual_dim":384,"alpha":0.0033867715,"offset":-0.21889718,"multiplier":0.000011470222,"vector_parameters":{"dim":384,"distance_type":"Dot","invert":false,"count":7670}}
